2C,3C,0.0274171992187744,39.84405184365732,60.12853095712285
2C,4C,0.0274171992187744,40.26358395006287,59.70899885071753
2C,5C,0.0274171992187744,40.69641933696661,59.2761634638158
2C,6C,0.0274173248577271,40.92700704300737,59.04557563213711
2C,7C,0.0274171992187743,41.095072408869406,58.87751039191141
2C,8C,0.027417324857727,41.654908674616046,58.31767400052691
2C,9C,0.027417324857727,42.33636972842704,57.636212946717215
2C,10C,0.027417324857727,43.238093455592576,56.73448921954871
2C,11C,0.027417324857727,44.53954844104157,55.433034234101285
2C,12C,0.027417324857727,46.56481420668847,53.40776846845465
2C,13C,0.027417324857727,49.889933163216845,50.08264951192264
2C,14C,0.0274173248577271,55.72267092865421,44.24991174648826
2C,2S,0.0118227824881881,64.03290050714139,35.955276710369944
2C,3S,0.0274171992187744,39.84405184365732,60.12853095712285
2C,4S,0.0274171992187744,40.26358395006287,59.70899885071753
2C,5S,0.0274171992187744,40.69641933696661,59.2761634638158
2C,6S,0.0274173248577271,40.92700704300737,59.04557563213711
2C,7S,0.0274171992187743,41.095072408869406,58.87751039191141
2C,8S,0.027417324857727,41.654908674616046,58.31767400052691
2C,9S,0.027417324857727,42.33636972842704,57.636212946717215
2C,10S,0.027417324857727,43.238093455592576,56.73448921954871
2C,11S,0.027417324857727,44.53954844104157,55.433034234101285
2C,12S,0.027417324857727,46.56481420668847,53.40776846845465
2C,13S,0.027417324857727,49.889933163216845,50.08264951192264
2C,14S,0.0274173248577271,55.72267092865421,44.24991174648826
2C,2H,0.0118227824881881,64.03290050714139,35.955276710369944
2C,3H,0.0274171992187744,39.84405184365732,60.12853095712285
2C,4H,0.0274171992187744,40.26358395006287,59.70899885071753
2C,5H,0.0274171992187744,40.69641933696661,59.2761634638158
2C,6H,0.0274173248577271,40.92700704300737,59.04557563213711
2C,7H,0.0274171992187743,41.095072408869406,58.87751039191141
2C,8H,0.027417324857727,41.654908674616046,58.31767400052691
2C,9H,0.027417324857727,42.33636972842704,57.636212946717215
2C,10H,0.027417324857727,43.238093455592576,56.73448921954871
2C,11H,0.027417324857727,44.53954844104157,55.433034234101285
2C,12H,0.027417324857727,46.56481420668847,53.40776846845465
2C,13H,0.027417324857727,49.889933163216845,50.08264951192264
2C,14H,0.0274173248577271,55.72267092865421,44.24991174648826
2C,2D,0.0118227824881881,64.03290050714139,35.955276710369944
2C,3D,0.0274171992187744,39.84405184365732,60.12853095712285
2C,4D,0.0274171992187744,40.26358395006287,59.70899885071753
2C,5D,0.0274171992187744,40.69641933696661,59.2761634638158
2C,6D,0.0274173248577271,40.92700704300737,59.04557563213711
2C,7D,0.0274171992187743,41.095072408869406,58.87751039191141
2C,8D,0.027417324857727,41.654908674616046,58.31767400052691
2C,9D,0.027417324857727,42.33636972842704,57.636212946717215
2C,10D,0.027417324857727,43.238093455592576,56.73448921954871
2C,11D,0.027417324857727,44.53954844104157,55.433034234101285
2C,12D,0.027417324857727,46.56481420668847,53.40776846845465
2C,13D,0.027417324857727,49.889933163216845,50.08264951192264
2C,14D,0.0274173248577271,55.72267092865421,44.24991174648826
3C,4C,0.0274171992187743,41.006913267661865,58.965669533117655
3C,5C,0.0274171992187743,41.43974865456209,58.53283414621619
3C,6C,0.0274173248577271,41.6703363606047,58.302246314541065
3C,7C,0.0274171992187744,41.838401726466095,58.13418107431237
3C,8C,0.027417324857727,42.07444078102037,57.89814189412189
3C,9C,0.027417324857727,42.75590183483083,57.216680840310815
3C,10C,0.027417324857727,43.65762556199694,56.31495711314256
3C,11C,0.027417324857727,44.95908054744686,55.013502127693606
3C,12C,0.027417324857727,46.9843463130948,52.9882363620481
3C,13C,0.027417324857727,50.30946526962651,49.66311740551675
3C,14C,0.0274173248577271,56.14220303505896,43.830379640082285
3C,2S,0.0274171992187744,39.84405184365732,60.12853095712285
3C,3S,0.0118227824881881,66.39460481209846,33.59357240541397
3C,4S,0.0274171992187743,41.006913267661865,58.965669533117655
3C,5S,0.0274171992187743,41.43974865456209,58.53283414621619
3C,6S,0.0274173248577271,41.6703363606047,58.302246314541065
3C,7S,0.0274171992187744,41.838401726466095,58.13418107431237
3C,8S,0.027417324857727,42.07444078102037,57.89814189412189
3C,9S,0.027417324857727,42.75590183483083,57.216680840310815
3C,10S,0.027417324857727,43.65762556199694,56.31495711314256
3C,11S,0.027417324857727,44.95908054744686,55.013502127693606
3C,12S,0.027417324857727,46.9843463130948,52.9882363620481
3C,13S,0.027417324857727,50.30946526962651,49.66311740551675
3C,14S,0.0274173248577271,56.14220303505896,43.830379640082285
3C,2H,0.0274171992187744,39.84405184365732,60.12853095712285
3C,3H,0.0118227824881881,66.39460481209846,33.59357240541397
3C,4H,0.0274171992187743,41.006913267661865,58.965669533117655
3C,5H,0.0274171992187743,41.43974865456209,58.53283414621619
3C,6H,0.0274173248577271,41.6703363606047,58.302246314541065
3C,7H,0.0274171992187744,41.838401726466095,58.13418107431237
3C,8H,0.027417324857727,42.07444078102037,57.89814189412189
3C,9H,0.027417324857727,42.75590183483083,57.216680840310815
3C,10H,0.027417324857727,43.65762556199694,56.31495711314256
3C,11H,0.027417324857727,44.95908054744686,55.013502127693606
3C,12H,0.027417324857727,46.9843463130948,52.9882363620481
3C,13H,0.027417324857727,50.30946526962651,49.66311740551675
3C,14H,0.0274173248577271,56.14220303505896,43.830379640082285
3C,2D,0.0274171992187744,39.84405184365732,60.12853095712285
3C,3D,0.0118227824881881,66.39460481209846,33.59357240541397
3C,4D,0.0274171992187743,41.006913267661865,58.965669533117655
3C,5D,0.0274171992187743,41.43974865456209,58.53283414621619
3C,6D,0.0274173248577271,41.6703363606047,58.302246314541065
3C,7D,0.0274171992187744,41.838401726466095,58.13418107431237
3C,8D,0.027417324857727,42.07444078102037,57.89814189412189
3C,9D,0.027417324857727,42.75590183483083,57.216680840310815
3C,10D,0.027417324857727,43.65762556199694,56.31495711314256
3C,11D,0.027417324857727,44.95908054744686,55.013502127693606
3C,12D,0.027417324857727,46.9843463130948,52.9882363620481
3C,13D,0.027417324857727,50.30946526962651,49.66311740551675
3C,14D,0.0274173248577271,56.14220303505896,43.830379640082285
4C,5C,0.0274171992187743,42.18141199965109,57.79117080113026
4C,6C,0.027417324857727,42.411999705692864,57.56058296945104
4C,7C,0.0274171992187744,42.58006507155481,57.39251772922603
4C,8C,0.0274173248577271,42.81610412610906,57.15647854903467
4C,9C,0.027417324857727,43.17543394123849,56.79714873390513
4C,10C,0.027417324857727,44.077157668404496,55.89542500673623
4C,11C,0.027417324857727,45.37861265385374,54.5939700212903
4C,12C,0.027417324857727,47.40387841950032,52.56870425564133
4C,13C,0.027417324857727,50.72899737602901,49.24358529911193
4C,14C,0.0274173248577271,56.56173514146632,43.41084753367628
4C,2S,0.0274171992187744,40.26358395006287,59.70899885071753
4C,3S,0.0274171992187743,41.006913267661865,58.965669533117655
4C,4S,0.0118227824881881,68.75630911705396,31.23186810045842
4C,5S,0.0274171992187743,42.18141199965109,57.79117080113026
4C,6S,0.027417324857727,42.411999705692864,57.56058296945104
4C,7S,0.0274171992187744,42.58006507155481,57.39251772922603
4C,8S,0.0274173248577271,42.81610412610906,57.15647854903467
4C,9S,0.027417324857727,43.17543394123849,56.79714873390513
4C,10S,0.027417324857727,44.077157668404496,55.89542500673623
4C,11S,0.027417324857727,45.37861265385374,54.5939700212903
4C,12S,0.027417324857727,47.40387841950032,52.56870425564133
4C,13S,0.027417324857727,50.72899737602901,49.24358529911193
4C,14S,0.0274173248577271,56.56173514146632,43.41084753367628
4C,2H,0.0274171992187744,40.26358395006287,59.70899885071753
4C,3H,0.0274171992187743,41.006913267661865,58.965669533117655
4C,4H,0.0118227824881881,68.75630911705396,31.23186810045842
4C,5H,0.0274171992187743,42.18141199965109,57.79117080113026
4C,6H,0.027417324857727,42.411999705692864,57.56058296945104
4C,7H,0.0274171992187744,42.58006507155481,57.39251772922603
4C,8H,0.0274173248577271,42.81610412610906,57.15647854903467
4C,9H,0.027417324857727,43.17543394123849,56.79714873390513
4C,10H,0.027417324857727,44.077157668404496,55.89542500673623
4C,11H,0.027417324857727,45.37861265385374,54.5939700212903
4C,12H,0.027417324857727,47.40387841950032,52.56870425564133
4C,13H,0.027417324857727,50.72899737602901,49.24358529911193
4C,14H,0.0274173248577271,56.56173514146632,43.41084753367628
4C,2D,0.0274171992187744,40.26358395006287,59.70899885071753
4C,3D,0.0274171992187743,41.006913267661865,58.965669533117655
4C,4D,0.0118227824881881,68.75630911705396,31.23186810045842
4C,5D,0.0274171992187743,42.18141199965109,57.79117080113026
4C,6D,0.027417324857727,42.411999705692864,57.56058296945104
4C,7D,0.0274171992187744,42.58006507155481,57.39251772922603
4C,8D,0.0274173248577271,42.81610412610906,57.15647854903467
4C,9D,0.027417324857727,43.17543394123849,56.79714873390513
4C,10D,0.027417324857727,44.077157668404496,55.89542500673623
4C,11D,0.027417324857727,45.37861265385374,54.5939700212903
4C,12D,0.027417324857727,47.40387841950032,52.56870425564133
4C,13D,0.027417324857727,50.72899737602901,49.24358529911193
4C,14D,0.0274173248577271,56.56173514146632,43.41084753367628
5C,6C,0.027417324857727,43.15759391668784,56.81498875845757
5C,7C,0.0274171992187743,43.32565928255063,56.646923518228576
5C,8C,0.0274173248577271,43.56169833710565,56.41088433803777
5C,9C,0.0274173248577271,43.92102815223609,56.05155452290633
5C,10C,0.027417324857727,44.50484964786651,55.4677330272755
5C,11C,0.027417324857727,45.80630463331329,54.16627804182995
5C,12C,0.027417324857727,47.83157039895918,52.14101227618124
5C,13C,0.027417324857727,51.15668935549154,48.81589331965181
5C,14C,0.0274173248577271,56.98942712092518,42.98315555421475
5C,2S,0.0274171992187744,40.69641933696661,59.2761634638158
5C,3S,0.0274171992187743,41.43974865456209,58.53283414621619
5C,4S,0.0274171992187743,42.18141199965109,57.79117080113026
5C,5S,0.0118227824881881,71.11965527184189,28.868521945669677
5C,6S,0.027417324857727,43.15759391668784,56.81498875845757
5C,7S,0.0274171992187743,43.32565928255063,56.646923518228576
5C,8S,0.0274173248577271,43.56169833710565,56.41088433803777
5C,9S,0.0274173248577271,43.92102815223609,56.05155452290633
5C,10S,0.027417324857727,44.50484964786651,55.4677330272755
5C,11S,0.027417324857727,45.80630463331329,54.16627804182995
5C,12S,0.027417324857727,47.83157039895918,52.14101227618124
5C,13S,0.027417324857727,51.15668935549154,48.81589331965181
5C,14S,0.0274173248577271,56.98942712092518,42.98315555421475
5C,2H,0.0274171992187744,40.69641933696661,59.2761634638158
5C,3H,0.0274171992187743,41.43974865456209,58.53283414621619
5C,4H,0.0274171992187743,42.18141199965109,57.79117080113026
5C,5H,0.0118227824881881,71.11965527184189,28.868521945669677
5C,6H,0.027417324857727,43.15759391668784,56.81498875845757
5C,7H,0.0274171992187743,43.32565928255063,56.646923518228576
5C,8H,0.0274173248577271,43.56169833710565,56.41088433803777
5C,9H,0.0274173248577271,43.92102815223609,56.05155452290633
5C,10H,0.027417324857727,44.50484964786651,55.4677330272755
5C,11H,0.027417324857727,45.80630463331329,54.16627804182995
5C,12H,0.027417324857727,47.83157039895918,52.14101227618124
5C,13H,0.027417324857727,51.15668935549154,48.81589331965181
5C,14H,0.0274173248577271,56.98942712092518,42.98315555421475
5C,2D,0.0274171992187744,40.69641933696661,59.2761634638158
5C,3D,0.0274171992187743,41.43974865456209,58.53283414621619
5C,4D,0.0274171992187743,42.18141199965109,57.79117080113026
5C,5D,0.0118227824881881,71.11965527184189,28.868521945669677
5C,6D,0.027417324857727,43.15759391668784,56.81498875845757
5C,7D,0.0274171992187743,43.32565928255063,56.646923518228576
5C,8D,0.0274173248577271,43.56169833710565,56.41088433803777
5C,9D,0.0274173248577271,43.92102815223609,56.05155452290633
5C,10D,0.027417324857727,44.50484964786651,55.4677330272755
5C,11D,0.027417324857727,45.80630463331329,54.16627804182995
5C,12D,0.027417324857727,47.83157039895918,52.14101227618124
5C,13D,0.027417324857727,51.15668935549154,48.81589331965181
5C,14D,0.0274173248577271,56.98942712092518,42.98315555421475
6C,7C,0.027417324857727,44.07885879626704,55.89372387887687
6C,8C,0.027417324857727,44.31489797645876,55.65768469868439
6C,9C,0.0274173248577271,44.674227791588166,55.29835488355565
6C,10C,0.0274173248577271,45.25804928721995,54.71453338792353
6C,11C,0.027417324857727,46.25031635888159,53.722266316260296
6C,12C,0.027417324857727,48.27558212453115,51.69700055061272
6C,13C,0.027417324857727,51.60070108105896,48.37188159408195
6C,14C,0.027417324857727,57.2097281377246,42.762854537419415
6C,2S,0.0274173248577271,40.92700704300737,59.04557563213711
6C,3S,0.0274173248577271,41.6703363606047,58.302246314541065
6C,4S,0.027417324857727,42.411999705692864,57.56058296945104
6C,5S,0.027417324857727,43.15759391668784,56.81498875845757
6C,6S,0.0118227824881881,73.4862851262952,26.50189209121649
6C,7S,0.027417324857727,44.07885879626704,55.89372387887687
6C,8S,0.027417324857727,44.31489797645876,55.65768469868439
6C,9S,0.0274173248577271,44.674227791588166,55.29835488355565
6C,10S,0.0274173248577271,45.25804928721995,54.71453338792353
6C,11S,0.027417324857727,46.25031635888159,53.722266316260296
6C,12S,0.027417324857727,48.27558212453115,51.69700055061272
6C,13S,0.027417324857727,51.60070108105896,48.37188159408195
6C,14S,0.027417324857727,57.2097281377246,42.762854537419415
6C,2H,0.0274173248577271,40.92700704300737,59.04557563213711
6C,3H,0.0274173248577271,41.6703363606047,58.302246314541065
6C,4H,0.027417324857727,42.411999705692864,57.56058296945104
6C,5H,0.027417324857727,43.15759391668784,56.81498875845757
6C,6H,0.0118227824881881,73.4862851262952,26.50189209121649
6C,7H,0.027417324857727,44.07885879626704,55.89372387887687
6C,8H,0.027417324857727,44.31489797645876,55.65768469868439
6C,9H,0.0274173248577271,44.674227791588166,55.29835488355565
6C,10H,0.0274173248577271,45.25804928721995,54.71453338792353
6C,11H,0.027417324857727,46.25031635888159,53.722266316260296
6C,12H,0.027417324857727,48.27558212453115,51.69700055061272
6C,13H,0.027417324857727,51.60070108105896,48.37188159408195
6C,14H,0.027417324857727,57.2097281377246,42.762854537419415
6C,2D,0.0274173248577271,40.92700704300737,59.04557563213711
6C,3D,0.0274173248577271,41.6703363606047,58.302246314541065
6C,4D,0.027417324857727,42.411999705692864,57.56058296945104
6C,5D,0.027417324857727,43.15759391668784,56.81498875845757
6C,6D,0.0118227824881881,73.4862851262952,26.50189209121649
6C,7D,0.027417324857727,44.07885879626704,55.89372387887687
6C,8D,0.027417324857727,44.31489797645876,55.65768469868439
6C,9D,0.0274173248577271,44.674227791588166,55.29835488355565
6C,10D,0.0274173248577271,45.25804928721995,54.71453338792353
6C,11D,0.027417324857727,46.25031635888159,53.722266316260296
6C,12D,0.027417324857727,48.27558212453115,51.69700055061272
6C,13D,0.027417324857727,51.60070108105896,48.37188159408195
6C,14D,0.027417324857727,57.2097281377246,42.762854537419415
7C,8C,0.027417324857727,45.08151698669922,54.891065688441856
7C,9C,0.027417324857727,45.4408468018284,54.53173587331286
7C,10C,0.0274173248577271,46.02466829745953,53.94791437768101
7C,11C,0.0274173248577271,47.01693536912229,52.9556473060185
7C,12C,0.027417324857727,48.74890403571077,51.22367863942992
7C,13C,0.027417324857727,52.07402299224146,47.89855968290165
7C,14C,0.027417324857727,57.683050048905294,42.28953262623908
7C,2S,0.0274171992187743,41.095072408869406,58.87751039191141
7C,3S,0.0274171992187744,41.838401726466095,58.13418107431237
7C,4S,0.0274171992187744,42.58006507155481,57.39251772922603
7C,5S,0.0274171992187743,43.32565928255063,56.646923518228576
7C,6S,0.027417324857727,44.07885879626704,55.89372387887687
7C,7S,0.0118227824881881,75.8578405302454,24.130336687265032
7C,8S,0.027417324857727,45.08151698669922,54.891065688441856
7C,9S,0.027417324857727,45.4408468018284,54.53173587331286
7C,10S,0.0274173248577271,46.02466829745953,53.94791437768101
7C,11S,0.0274173248577271,47.01693536912229,52.9556473060185
7C,12S,0.027417324857727,48.74890403571077,51.22367863942992
7C,13S,0.027417324857727,52.07402299224146,47.89855968290165
7C,14S,0.027417324857727,57.683050048905294,42.28953262623908
7C,2H,0.0274171992187743,41.095072408869406,58.87751039191141
7C,3H,0.0274171992187744,41.838401726466095,58.13418107431237
7C,4H,0.0274171992187744,42.58006507155481,57.39251772922603
7C,5H,0.0274171992187743,43.32565928255063,56.646923518228576
7C,6H,0.027417324857727,44.07885879626704,55.89372387887687
7C,7H,0.0118227824881881,75.8578405302454,24.130336687265032
7C,8H,0.027417324857727,45.08151698669922,54.891065688441856
7C,9H,0.027417324857727,45.4408468018284,54.53173587331286
7C,10H,0.0274173248577271,46.02466829745953,53.94791437768101
7C,11H,0.0274173248577271,47.01693536912229,52.9556473060185
7C,12H,0.027417324857727,48.74890403571077,51.22367863942992
7C,13H,0.027417324857727,52.07402299224146,47.89855968290165
7C,14H,0.027417324857727,57.683050048905294,42.28953262623908
7C,2D,0.0274171992187743,41.095072408869406,58.87751039191141
7C,3D,0.0274171992187744,41.838401726466095,58.13418107431237
7C,4D,0.0274171992187744,42.58006507155481,57.39251772922603
7C,5D,0.0274171992187743,43.32565928255063,56.646923518228576
7C,6D,0.027417324857727,44.07885879626704,55.89372387887687
7C,7D,0.0118227824881881,75.8578405302454,24.130336687265032
7C,8D,0.027417324857727,45.08151698669922,54.891065688441856
7C,9D,0.027417324857727,45.4408468018284,54.53173587331286
7C,10D,0.0274173248577271,46.02466829745953,53.94791437768101
7C,11D,0.0274173248577271,47.01693536912229,52.9556473060185
7C,12D,0.027417324857727,48.74890403571077,51.22367863942992
7C,13D,0.027417324857727,52.07402299224146,47.89855968290165
7C,14D,0.027417324857727,57.683050048905294,42.28953262623908
8C,9C,0.027417324857727,46.232772009902966,53.73981066524187
8C,10C,0.027417324857727,46.81659350553521,53.15598916960892
8C,11C,0.0274173248577271,47.8088605771971,52.16372209794646
8C,12C,0.0274173248577271,49.54082924378374,50.43175343135959
8C,13C,0.027417324857727,52.59930666143866,47.373276013702274
8C,14C,0.027417324857727,58.20833371810218,41.76424895704061
8C,2S,0.027417324857727,41.654908674616046,58.31767400052691
8C,3S,0.027417324857727,42.07444078102037,57.89814189412189
8C,4S,0.0274173248577271,42.81610412610906,57.15647854903467
8C,5S,0.0274173248577271,43.56169833710565,56.41088433803777
8C,6S,0.027417324857727,44.31489797645876,55.65768469868439
8C,7S,0.027417324857727,45.08151698669922,54.891065688441856
8C,8S,0.0118227824881881,78.23596333352809,21.752213883983693
8C,9S,0.027417324857727,46.232772009902966,53.73981066524187
8C,10S,0.027417324857727,46.81659350553521,53.15598916960892
8C,11S,0.0274173248577271,47.8088605771971,52.16372209794646
8C,12S,0.0274173248577271,49.54082924378374,50.43175343135959
8C,13S,0.027417324857727,52.59930666143866,47.373276013702274
8C,14S,0.027417324857727,58.20833371810218,41.76424895704061
8C,2H,0.027417324857727,41.654908674616046,58.31767400052691
8C,3H,0.027417324857727,42.07444078102037,57.89814189412189
8C,4H,0.0274173248577271,42.81610412610906,57.15647854903467
8C,5H,0.0274173248577271,43.56169833710565,56.41088433803777
8C,6H,0.027417324857727,44.31489797645876,55.65768469868439
8C,7H,0.027417324857727,45.08151698669922,54.891065688441856
8C,8H,0.0118227824881881,78.23596333352809,21.752213883983693
8C,9H,0.027417324857727,46.232772009902966,53.73981066524187
8C,10H,0.027417324857727,46.81659350553521,53.15598916960892
8C,11H,0.0274173248577271,47.8088605771971,52.16372209794646
8C,12H,0.0274173248577271,49.54082924378374,50.43175343135959
8C,13H,0.027417324857727,52.59930666143866,47.373276013702274
8C,14H,0.027417324857727,58.20833371810218,41.76424895704061
8C,2D,0.027417324857727,41.654908674616046,58.31767400052691
8C,3D,0.027417324857727,42.07444078102037,57.89814189412189
8C,4D,0.0274173248577271,42.81610412610906,57.15647854903467
8C,5D,0.0274173248577271,43.56169833710565,56.41088433803777
8C,6D,0.027417324857727,44.31489797645876,55.65768469868439
8C,7D,0.027417324857727,45.08151698669922,54.891065688441856
8C,8D,0.0118227824881881,78.23596333352809,21.752213883983693
8C,9D,0.027417324857727,46.232772009902966,53.73981066524187
8C,10D,0.027417324857727,46.81659350553521,53.15598916960892
8C,11D,0.0274173248577271,47.8088605771971,52.16372209794646
8C,12D,0.0274173248577271,49.54082924378374,50.43175343135959
8C,13D,0.027417324857727,52.59930666143866,47.373276013702274
8C,14D,0.027417324857727,58.20833371810218,41.76424895704061
9C,10C,0.027417324857727,47.65815301002666,52.31442966511398
9C,11C,0.027417324857727,48.65042008169138,51.32216259345113
9C,12C,0.0274173248577271,50.38238874827948,49.59019392686411
9C,13C,0.0274173248577271,53.4408661659338,46.53171650920802
9C,14C,0.027417324857727,58.82528545170084,41.14729722344223
9C,2S,0.027417324857727,42.33636972842704,57.636212946717215
9C,3S,0.027417324857727,42.75590183483083,57.216680840310815
9C,4S,0.027417324857727,43.17543394123849,56.79714873390513
9C,5S,0.0274173248577271,43.92102815223609,56.05155452290633
9C,6S,0.0274173248577271,44.674227791588166,55.29835488355565
9C,7S,0.027417324857727,45.4408468018284,54.53173587331286
9C,8S,0.027417324857727,46.232772009902966,53.73981066524187
9C,9S,0.0118227824881881,80.62229538597224,19.365881831539635
9C,10S,0.027417324857727,47.65815301002666,52.31442966511398
9C,11S,0.027417324857727,48.65042008169138,51.32216259345113
9C,12S,0.0274173248577271,50.38238874827948,49.59019392686411
9C,13S,0.0274173248577271,53.4408661659338,46.53171650920802
9C,14S,0.027417324857727,58.82528545170084,41.14729722344223
9C,2H,0.027417324857727,42.33636972842704,57.636212946717215
9C,3H,0.027417324857727,42.75590183483083,57.216680840310815
9C,4H,0.027417324857727,43.17543394123849,56.79714873390513
9C,5H,0.0274173248577271,43.92102815223609,56.05155452290633
9C,6H,0.0274173248577271,44.674227791588166,55.29835488355565
9C,7H,0.027417324857727,45.4408468018284,54.53173587331286
9C,8H,0.027417324857727,46.232772009902966,53.73981066524187
9C,9H,0.0118227824881881,80.62229538597224,19.365881831539635
9C,10H,0.027417324857727,47.65815301002666,52.31442966511398
9C,11H,0.027417324857727,48.65042008169138,51.32216259345113
9C,12H,0.0274173248577271,50.38238874827948,49.59019392686411
9C,13H,0.0274173248577271,53.4408661659338,46.53171650920802
9C,14H,0.027417324857727,58.82528545170084,41.14729722344223
9C,2D,0.027417324857727,42.33636972842704,57.636212946717215
9C,3D,0.027417324857727,42.75590183483083,57.216680840310815
9C,4D,0.027417324857727,43.17543394123849,56.79714873390513
9C,5D,0.0274173248577271,43.92102815223609,56.05155452290633
9C,6D,0.0274173248577271,44.674227791588166,55.29835488355565
9C,7D,0.027417324857727,45.4408468018284,54.53173587331286
9C,8D,0.027417324857727,46.232772009902966,53.73981066524187
9C,9D,0.0118227824881881,80.62229538597224,19.365881831539635
9C,10D,0.027417324857727,47.65815301002666,52.31442966511398
9C,11D,0.027417324857727,48.65042008169138,51.32216259345113
9C,12D,0.0274173248577271,50.38238874827948,49.59019392686411
9C,13D,0.0274173248577271,53.4408661659338,46.53171650920802
9C,14D,0.027417324857727,58.82528545170084,41.14729722344223
10C,11C,0.027417324857727,49.58987770932542,50.38270496581671
10C,12C,0.027417324857727,51.321846375912,48.65073629922856
10C,13C,0.0274173248577271,54.38032379356749,45.59225888157476
10C,14C,0.0274173248577271,59.76474307933473,40.20783959580872
10C,2S,0.027417324857727,43.238093455592576,56.73448921954871
10C,3S,0.027417324857727,43.65762556199694,56.31495711314256
10C,4S,0.027417324857727,44.077157668404496,55.89542500673623
10C,5S,0.027417324857727,44.50484964786651,55.4677330272755
10C,6S,0.0274173248577271,45.25804928721995,54.71453338792353
10C,7S,0.0274173248577271,46.02466829745953,53.94791437768101
10C,8S,0.027417324857727,46.81659350553521,53.15598916960892
10C,9S,0.027417324857727,47.65815301002666,52.31442966511398
10C,10S,0.0118227824881881,83.01847853741282,16.969698680099906
10C,11S,0.027417324857727,49.58987770932542,50.38270496581671
10C,12S,0.027417324857727,51.321846375912,48.65073629922856
10C,13S,0.0274173248577271,54.38032379356749,45.59225888157476
10C,14S,0.0274173248577271,59.76474307933473,40.20783959580872
10C,2H,0.027417324857727,43.238093455592576,56.73448921954871
10C,3H,0.027417324857727,43.65762556199694,56.31495711314256
10C,4H,0.027417324857727,44.077157668404496,55.89542500673623
10C,5H,0.027417324857727,44.50484964786651,55.4677330272755
10C,6H,0.0274173248577271,45.25804928721995,54.71453338792353
10C,7H,0.0274173248577271,46.02466829745953,53.94791437768101
10C,8H,0.027417324857727,46.81659350553521,53.15598916960892
10C,9H,0.027417324857727,47.65815301002666,52.31442966511398
10C,10H,0.0118227824881881,83.01847853741282,16.969698680099906
10C,11H,0.027417324857727,49.58987770932542,50.38270496581671
10C,12H,0.027417324857727,51.321846375912,48.65073629922856
10C,13H,0.0274173248577271,54.38032379356749,45.59225888157476
10C,14H,0.0274173248577271,59.76474307933473,40.20783959580872
10C,2D,0.027417324857727,43.238093455592576,56.73448921954871
10C,3D,0.027417324857727,43.65762556199694,56.31495711314256
10C,4D,0.027417324857727,44.077157668404496,55.89542500673623
10C,5D,0.027417324857727,44.50484964786651,55.4677330272755
10C,6D,0.0274173248577271,45.25804928721995,54.71453338792353
10C,7D,0.0274173248577271,46.02466829745953,53.94791437768101
10C,8D,0.027417324857727,46.81659350553521,53.15598916960892
10C,9D,0.027417324857727,47.65815301002666,52.31442966511398
10C,10D,0.0118227824881881,83.01847853741282,16.969698680099906
10C,11D,0.027417324857727,49.58987770932542,50.38270496581671
10C,12D,0.027417324857727,51.321846375912,48.65073629922856
10C,13D,0.0274173248577271,54.38032379356749,45.59225888157476
10C,14D,0.0274173248577271,59.76474307933473,40.20783959580872
11C,12C,0.027417324857727,52.379759549031725,47.59282312611168
11C,13C,0.0274173248577271,55.438236966684975,44.5343457084558
11C,14C,0.0274173248577271,60.82265625245336,39.14992642268864
11C,2S,0.027417324857727,44.53954844104157,55.433034234101285
11C,3S,0.027417324857727,44.95908054744686,55.013502127693606
11C,4S,0.027417324857727,45.37861265385374,54.5939700212903
11C,5S,0.027417324857727,45.80630463331329,54.16627804182995
11C,6S,0.027417324857727,46.25031635888159,53.722266316260296
11C,7S,0.0274173248577271,47.01693536912229,52.9556473060185
11C,8S,0.0274173248577271,47.8088605771971,52.16372209794646
11C,9S,0.027417324857727,48.65042008169138,51.32216259345113
11C,10S,0.027417324857727,49.58987770932542,50.38270496581671
11C,11S,0.0118227824881881,85.42615463767882,14.562022579832522
11C,12S,0.027417324857727,52.379759549031725,47.59282312611168
11C,13S,0.0274173248577271,55.438236966684975,44.5343457084558
11C,14S,0.0274173248577271,60.82265625245336,39.14992642268864
11C,2H,0.027417324857727,44.53954844104157,55.433034234101285
11C,3H,0.027417324857727,44.95908054744686,55.013502127693606
11C,4H,0.027417324857727,45.37861265385374,54.5939700212903
11C,5H,0.027417324857727,45.80630463331329,54.16627804182995
11C,6H,0.027417324857727,46.25031635888159,53.722266316260296
11C,7H,0.0274173248577271,47.01693536912229,52.9556473060185
11C,8H,0.0274173248577271,47.8088605771971,52.16372209794646
11C,9H,0.027417324857727,48.65042008169138,51.32216259345113
11C,10H,0.027417324857727,49.58987770932542,50.38270496581671
11C,11H,0.0118227824881881,85.42615463767882,14.562022579832522
11C,12H,0.027417324857727,52.379759549031725,47.59282312611168
11C,13H,0.0274173248577271,55.438236966684975,44.5343457084558
11C,14H,0.0274173248577271,60.82265625245336,39.14992642268864
11C,2D,0.027417324857727,44.53954844104157,55.433034234101285
11C,3D,0.027417324857727,44.95908054744686,55.013502127693606
11C,4D,0.027417324857727,45.37861265385374,54.5939700212903
11C,5D,0.027417324857727,45.80630463331329,54.16627804182995
11C,6D,0.027417324857727,46.25031635888159,53.722266316260296
11C,7D,0.0274173248577271,47.01693536912229,52.9556473060185
11C,8D,0.0274173248577271,47.8088605771971,52.16372209794646
11C,9D,0.027417324857727,48.65042008169138,51.32216259345113
11C,10D,0.027417324857727,49.58987770932542,50.38270496581671
11C,11D,0.0118227824881881,85.42615463767882,14.562022579832522
11C,12D,0.027417324857727,52.379759549031725,47.59282312611168
11C,13D,0.0274173248577271,55.438236966684975,44.5343457084558
11C,14D,0.0274173248577271,60.82265625245336,39.14992642268864
12C,13C,0.0274173248577271,56.97547078485993,42.99711189028263
12C,14C,0.0274173248577271,62.3598900706281,37.61269260451351
12C,2S,0.027417324857727,46.56481420668847,53.40776846845465
12C,3S,0.027417324857727,46.9843463130948,52.9882363620481
12C,4S,0.027417324857727,47.40387841950032,52.56870425564133
12C,5S,0.027417324857727,47.83157039895918,52.14101227618124
12C,6S,0.027417324857727,48.27558212453115,51.69700055061272
12C,7S,0.027417324857727,48.74890403571077,51.22367863942992
12C,8S,0.0274173248577271,49.54082924378374,50.43175343135959
12C,9S,0.0274173248577271,50.38238874827948,49.59019392686411
12C,10S,0.027417324857727,51.321846375912,48.65073629922856
12C,11S,0.027417324857727,52.379759549031725,47.59282312611168
12C,12S,0.0118227824881881,87.8469655366069,12.141211680904725
12C,13S,0.0274173248577271,56.97547078485993,42.99711189028263
12C,14S,0.0274173248577271,62.3598900706281,37.61269260451351
12C,2H,0.027417324857727,46.56481420668847,53.40776846845465
12C,3H,0.027417324857727,46.9843463130948,52.9882363620481
12C,4H,0.027417324857727,47.40387841950032,52.56870425564133
12C,5H,0.027417324857727,47.83157039895918,52.14101227618124
12C,6H,0.027417324857727,48.27558212453115,51.69700055061272
12C,7H,0.027417324857727,48.74890403571077,51.22367863942992
12C,8H,0.0274173248577271,49.54082924378374,50.43175343135959
12C,9H,0.0274173248577271,50.38238874827948,49.59019392686411
12C,10H,0.027417324857727,51.321846375912,48.65073629922856
12C,11H,0.027417324857727,52.379759549031725,47.59282312611168
12C,12H,0.0118227824881881,87.8469655366069,12.141211680904725
12C,13H,0.0274173248577271,56.97547078485993,42.99711189028263
12C,14H,0.0274173248577271,62.3598900706281,37.61269260451351
12C,2D,0.027417324857727,46.56481420668847,53.40776846845465
12C,3D,0.027417324857727,46.9843463130948,52.9882363620481
12C,4D,0.027417324857727,47.40387841950032,52.56870425564133
12C,5D,0.027417324857727,47.83157039895918,52.14101227618124
12C,6D,0.027417324857727,48.27558212453115,51.69700055061272
12C,7D,0.027417324857727,48.74890403571077,51.22367863942992
12C,8D,0.0274173248577271,49.54082924378374,50.43175343135959
12C,9D,0.0274173248577271,50.38238874827948,49.59019392686411
12C,10D,0.027417324857727,51.321846375912,48.65073629922856
12C,11D,0.027417324857727,52.379759549031725,47.59282312611168
12C,12D,0.0118227824881881,87.8469655366069,12.141211680904725
12C,13D,0.0274173248577271,56.97547078485993,42.99711189028263
12C,14D,0.0274173248577271,62.3598900706281,37.61269260451351
13C,14C,0.0274173248577271,64.69927269180711,35.27330998333348
13C,2S,0.027417324857727,49.889933163216845,50.08264951192264
13C,3S,0.027417324857727,50.30946526962651,49.66311740551675
13C,4S,0.027417324857727,50.72899737602901,49.24358529911193
13C,5S,0.027417324857727,51.15668935549154,48.81589331965181
13C,6S,0.027417324857727,51.60070108105896,48.37188159408195
13C,7S,0.027417324857727,52.07402299224146,47.89855968290165
13C,8S,0.027417324857727,52.59930666143866,47.373276013702274
13C,9S,0.0274173248577271,53.4408661659338,46.53171650920802
13C,10S,0.0274173248577271,54.38032379356749,45.59225888157476
13C,11S,0.0274173248577271,55.438236966684975,44.5343457084558
13C,12S,0.0274173248577271,56.97547078485993,42.99711189028263
13C,13S,0.0118227824881881,90.28255308402856,9.705624133483823
13C,14S,0.0274173248577271,64.69927269180711,35.27330998333348
13C,2H,0.027417324857727,49.889933163216845,50.08264951192264
13C,3H,0.027417324857727,50.30946526962651,49.66311740551675
13C,4H,0.027417324857727,50.72899737602901,49.24358529911193
13C,5H,0.027417324857727,51.15668935549154,48.81589331965181
13C,6H,0.027417324857727,51.60070108105896,48.37188159408195
13C,7H,0.027417324857727,52.07402299224146,47.89855968290165
13C,8H,0.027417324857727,52.59930666143866,47.373276013702274
13C,9H,0.0274173248577271,53.4408661659338,46.53171650920802
13C,10H,0.0274173248577271,54.38032379356749,45.59225888157476
13C,11H,0.0274173248577271,55.438236966684975,44.5343457084558
13C,12H,0.0274173248577271,56.97547078485993,42.99711189028263
13C,13H,0.0118227824881881,90.28255308402856,9.705624133483823
13C,14H,0.0274173248577271,64.69927269180711,35.27330998333348
13C,2D,0.027417324857727,49.889933163216845,50.08264951192264
13C,3D,0.027417324857727,50.30946526962651,49.66311740551675
13C,4D,0.027417324857727,50.72899737602901,49.24358529911193
13C,5D,0.027417324857727,51.15668935549154,48.81589331965181
13C,6D,0.027417324857727,51.60070108105896,48.37188159408195
13C,7D,0.027417324857727,52.07402299224146,47.89855968290165
13C,8D,0.027417324857727,52.59930666143866,47.373276013702274
13C,9D,0.0274173248577271,53.4408661659338,46.53171650920802
13C,10D,0.0274173248577271,54.38032379356749,45.59225888157476
13C,11D,0.0274173248577271,55.438236966684975,44.5343457084558
13C,12D,0.0274173248577271,56.97547078485993,42.99711189028263
13C,13D,0.0118227824881881,90.28255308402856,9.705624133483823
13C,14D,0.0274173248577271,64.69927269180711,35.27330998333348
14C,2S,0.0274173248577271,55.72267092865421,44.24991174648826
14C,3S,0.0274173248577271,56.14220303505896,43.830379640082285
14C,4S,0.0274173248577271,56.56173514146632,43.41084753367628
14C,5S,0.0274173248577271,56.98942712092518,42.98315555421475
14C,6S,0.027417324857727,57.2097281377246,42.762854537419415
14C,7S,0.027417324857727,57.683050048905294,42.28953262623908
14C,8S,0.027417324857727,58.20833371810218,41.76424895704061
14C,9S,0.027417324857727,58.82528545170084,41.14729722344223
14C,10S,0.0274173248577271,59.76474307933473,40.20783959580872
14C,11S,0.0274173248577271,60.82265625245336,39.14992642268864
14C,12S,0.0274173248577271,62.3598900706281,37.61269260451351
14C,13S,0.0274173248577271,64.69927269180711,35.27330998333348
14C,14S,0.0118227824881881,92.7345591297744,7.2536180877373955
14C,2H,0.0274173248577271,55.72267092865421,44.24991174648826
14C,3H,0.0274173248577271,56.14220303505896,43.830379640082285
14C,4H,0.0274173248577271,56.56173514146632,43.41084753367628
14C,5H,0.0274173248577271,56.98942712092518,42.98315555421475
14C,6H,0.027417324857727,57.2097281377246,42.762854537419415
14C,7H,0.027417324857727,57.683050048905294,42.28953262623908
14C,8H,0.027417324857727,58.20833371810218,41.76424895704061
14C,9H,0.027417324857727,58.82528545170084,41.14729722344223
14C,10H,0.0274173248577271,59.76474307933473,40.20783959580872
14C,11H,0.0274173248577271,60.82265625245336,39.14992642268864
14C,12H,0.0274173248577271,62.3598900706281,37.61269260451351
14C,13H,0.0274173248577271,64.69927269180711,35.27330998333348
14C,14H,0.0118227824881881,92.7345591297744,7.2536180877373955
14C,2D,0.0274173248577271,55.72267092865421,44.24991174648826
14C,3D,0.0274173248577271,56.14220303505896,43.830379640082285
14C,4D,0.0274173248577271,56.56173514146632,43.41084753367628
14C,5D,0.0274173248577271,56.98942712092518,42.98315555421475
14C,6D,0.027417324857727,57.2097281377246,42.762854537419415
14C,7D,0.027417324857727,57.683050048905294,42.28953262623908
14C,8D,0.027417324857727,58.20833371810218,41.76424895704061
14C,9D,0.027417324857727,58.82528545170084,41.14729722344223
14C,10D,0.0274173248577271,59.76474307933473,40.20783959580872
14C,11D,0.0274173248577271,60.82265625245336,39.14992642268864
14C,12D,0.0274173248577271,62.3598900706281,37.61269260451351
14C,13D,0.0274173248577271,64.69927269180711,35.27330998333348
14C,14D,0.0118227824881881,92.7345591297744,7.2536180877373955
2S,3S,0.0274171992187744,39.84405184365732,60.12853095712285
2S,4S,0.0274171992187744,40.26358395006287,59.70899885071753
2S,5S,0.0274171992187744,40.69641933696661,59.2761634638158
2S,6S,0.0274173248577271,40.92700704300737,59.04557563213711
2S,7S,0.0274171992187743,41.095072408869406,58.87751039191141
2S,8S,0.027417324857727,41.654908674616046,58.31767400052691
2S,9S,0.027417324857727,42.33636972842704,57.636212946717215
2S,10S,0.027417324857727,43.238093455592576,56.73448921954871
2S,11S,0.027417324857727,44.53954844104157,55.433034234101285
2S,12S,0.027417324857727,46.56481420668847,53.40776846845465
2S,13S,0.027417324857727,49.889933163216845,50.08264951192264
2S,14S,0.0274173248577271,55.72267092865421,44.24991174648826
2S,2H,0.0118227824881881,64.03290050714139,35.955276710369944
2S,3H,0.0274171992187744,39.84405184365732,60.12853095712285
2S,4H,0.0274171992187744,40.26358395006287,59.70899885071753
2S,5H,0.0274171992187744,40.69641933696661,59.2761634638158
2S,6H,0.0274173248577271,40.92700704300737,59.04557563213711
2S,7H,0.0274171992187743,41.095072408869406,58.87751039191141
2S,8H,0.027417324857727,41.654908674616046,58.31767400052691
2S,9H,0.027417324857727,42.33636972842704,57.636212946717215
2S,10H,0.027417324857727,43.238093455592576,56.73448921954871
2S,11H,0.027417324857727,44.53954844104157,55.433034234101285
2S,12H,0.027417324857727,46.56481420668847,53.40776846845465
2S,13H,0.027417324857727,49.889933163216845,50.08264951192264
2S,14H,0.0274173248577271,55.72267092865421,44.24991174648826
2S,2D,0.0118227824881881,64.03290050714139,35.955276710369944
2S,3D,0.0274171992187744,39.84405184365732,60.12853095712285
2S,4D,0.0274171992187744,40.26358395006287,59.70899885071753
2S,5D,0.0274171992187744,40.69641933696661,59.2761634638158
2S,6D,0.0274173248577271,40.92700704300737,59.04557563213711
2S,7D,0.0274171992187743,41.095072408869406,58.87751039191141
2S,8D,0.027417324857727,41.654908674616046,58.31767400052691
2S,9D,0.027417324857727,42.33636972842704,57.636212946717215
2S,10D,0.027417324857727,43.238093455592576,56.73448921954871
2S,11D,0.027417324857727,44.53954844104157,55.433034234101285
2S,12D,0.027417324857727,46.56481420668847,53.40776846845465
2S,13D,0.027417324857727,49.889933163216845,50.08264951192264
2S,14D,0.0274173248577271,55.72267092865421,44.24991174648826
3S,4S,0.0274171992187743,41.006913267661865,58.965669533117655
3S,5S,0.0274171992187743,41.43974865456209,58.53283414621619
3S,6S,0.0274173248577271,41.6703363606047,58.302246314541065
3S,7S,0.0274171992187744,41.838401726466095,58.13418107431237
3S,8S,0.027417324857727,42.07444078102037,57.89814189412189
3S,9S,0.027417324857727,42.75590183483083,57.216680840310815
3S,10S,0.027417324857727,43.65762556199694,56.31495711314256
3S,11S,0.027417324857727,44.95908054744686,55.013502127693606
3S,12S,0.027417324857727,46.9843463130948,52.9882363620481
3S,13S,0.027417324857727,50.30946526962651,49.66311740551675
3S,14S,0.0274173248577271,56.14220303505896,43.830379640082285
3S,2H,0.0274171992187744,39.84405184365732,60.12853095712285
3S,3H,0.0118227824881881,66.39460481209846,33.59357240541397
3S,4H,0.0274171992187743,41.006913267661865,58.965669533117655
3S,5H,0.0274171992187743,41.43974865456209,58.53283414621619
3S,6H,0.0274173248577271,41.6703363606047,58.302246314541065
3S,7H,0.0274171992187744,41.838401726466095,58.13418107431237
3S,8H,0.027417324857727,42.07444078102037,57.89814189412189
3S,9H,0.027417324857727,42.75590183483083,57.216680840310815
3S,10H,0.027417324857727,43.65762556199694,56.31495711314256
3S,11H,0.027417324857727,44.95908054744686,55.013502127693606
3S,12H,0.027417324857727,46.9843463130948,52.9882363620481
3S,13H,0.027417324857727,50.30946526962651,49.66311740551675
3S,14H,0.0274173248577271,56.14220303505896,43.830379640082285
3S,2D,0.0274171992187744,39.84405184365732,60.12853095712285
3S,3D,0.0118227824881881,66.39460481209846,33.59357240541397
3S,4D,0.0274171992187743,41.006913267661865,58.965669533117655
3S,5D,0.0274171992187743,41.43974865456209,58.53283414621619
3S,6D,0.0274173248577271,41.6703363606047,58.302246314541065
3S,7D,0.0274171992187744,41.838401726466095,58.13418107431237
3S,8D,0.027417324857727,42.07444078102037,57.89814189412189
3S,9D,0.027417324857727,42.75590183483083,57.216680840310815
3S,10D,0.027417324857727,43.65762556199694,56.31495711314256
3S,11D,0.027417324857727,44.95908054744686,55.013502127693606
3S,12D,0.027417324857727,46.9843463130948,52.9882363620481
3S,13D,0.027417324857727,50.30946526962651,49.66311740551675
3S,14D,0.0274173248577271,56.14220303505896,43.830379640082285
4S,5S,0.0274171992187743,42.18141199965109,57.79117080113026
4S,6S,0.027417324857727,42.411999705692864,57.56058296945104
4S,7S,0.0274171992187744,42.58006507155481,57.39251772922603
4S,8S,0.0274173248577271,42.81610412610906,57.15647854903467
4S,9S,0.027417324857727,43.17543394123849,56.79714873390513
4S,10S,0.027417324857727,44.077157668404496,55.89542500673623
4S,11S,0.027417324857727,45.37861265385374,54.5939700212903
4S,12S,0.027417324857727,47.40387841950032,52.56870425564133
4S,13S,0.027417324857727,50.72899737602901,49.24358529911193
4S,14S,0.0274173248577271,56.56173514146632,43.41084753367628
4S,2H,0.0274171992187744,40.26358395006287,59.70899885071753
4S,3H,0.0274171992187743,41.006913267661865,58.965669533117655
4S,4H,0.0118227824881881,68.75630911705396,31.23186810045842
4S,5H,0.0274171992187743,42.18141199965109,57.79117080113026
4S,6H,0.027417324857727,42.411999705692864,57.56058296945104
4S,7H,0.0274171992187744,42.58006507155481,57.39251772922603
4S,8H,0.0274173248577271,42.81610412610906,57.15647854903467
4S,9H,0.027417324857727,43.17543394123849,56.79714873390513
4S,10H,0.027417324857727,44.077157668404496,55.89542500673623
4S,11H,0.027417324857727,45.37861265385374,54.5939700212903
4S,12H,0.027417324857727,47.40387841950032,52.56870425564133
4S,13H,0.027417324857727,50.72899737602901,49.24358529911193
4S,14H,0.0274173248577271,56.56173514146632,43.41084753367628
4S,2D,0.0274171992187744,40.26358395006287,59.70899885071753
4S,3D,0.0274171992187743,41.006913267661865,58.965669533117655
4S,4D,0.0118227824881881,68.75630911705396,31.23186810045842
4S,5D,0.0274171992187743,42.18141199965109,57.79117080113026
4S,6D,0.027417324857727,42.411999705692864,57.56058296945104
4S,7D,0.0274171992187744,42.58006507155481,57.39251772922603
4S,8D,0.0274173248577271,42.81610412610906,57.15647854903467
4S,9D,0.027417324857727,43.17543394123849,56.79714873390513
4S,10D,0.027417324857727,44.077157668404496,55.89542500673623
4S,11D,0.027417324857727,45.37861265385374,54.5939700212903
4S,12D,0.027417324857727,47.40387841950032,52.56870425564133
4S,13D,0.027417324857727,50.72899737602901,49.24358529911193
4S,14D,0.0274173248577271,56.56173514146632,43.41084753367628
5S,6S,0.027417324857727,43.15759391668784,56.81498875845757
5S,7S,0.0274171992187743,43.32565928255063,56.646923518228576
5S,8S,0.0274173248577271,43.56169833710565,56.41088433803777
5S,9S,0.0274173248577271,43.92102815223609,56.05155452290633
5S,10S,0.027417324857727,44.50484964786651,55.4677330272755
5S,11S,0.027417324857727,45.80630463331329,54.16627804182995
5S,12S,0.027417324857727,47.83157039895918,52.14101227618124
5S,13S,0.027417324857727,51.15668935549154,48.81589331965181
5S,14S,0.0274173248577271,56.98942712092518,42.98315555421475
5S,2H,0.0274171992187744,40.69641933696661,59.2761634638158
5S,3H,0.0274171992187743,41.43974865456209,58.53283414621619
5S,4H,0.0274171992187743,42.18141199965109,57.79117080113026
5S,5H,0.0118227824881881,71.11965527184189,28.868521945669677
5S,6H,0.027417324857727,43.15759391668784,56.81498875845757
5S,7H,0.0274171992187743,43.32565928255063,56.646923518228576
5S,8H,0.0274173248577271,43.56169833710565,56.41088433803777
5S,9H,0.0274173248577271,43.92102815223609,56.05155452290633
5S,10H,0.027417324857727,44.50484964786651,55.4677330272755
5S,11H,0.027417324857727,45.80630463331329,54.16627804182995
5S,12H,0.027417324857727,47.83157039895918,52.14101227618124
5S,13H,0.027417324857727,51.15668935549154,48.81589331965181
5S,14H,0.0274173248577271,56.98942712092518,42.98315555421475
5S,2D,0.0274171992187744,40.69641933696661,59.2761634638158
5S,3D,0.0274171992187743,41.43974865456209,58.53283414621619
5S,4D,0.0274171992187743,42.18141199965109,57.79117080113026
5S,5D,0.0118227824881881,71.11965527184189,28.868521945669677
5S,6D,0.027417324857727,43.15759391668784,56.81498875845757
5S,7D,0.0274171992187743,43.32565928255063,56.646923518228576
5S,8D,0.0274173248577271,43.56169833710565,56.41088433803777
5S,9D,0.0274173248577271,43.92102815223609,56.05155452290633
5S,10D,0.027417324857727,44.50484964786651,55.4677330272755
5S,11D,0.027417324857727,45.80630463331329,54.16627804182995
5S,12D,0.027417324857727,47.83157039895918,52.14101227618124
5S,13D,0.027417324857727,51.15668935549154,48.81589331965181
5S,14D,0.0274173248577271,56.98942712092518,42.98315555421475
6S,7S,0.027417324857727,44.07885879626704,55.89372387887687
6S,8S,0.027417324857727,44.31489797645876,55.65768469868439
6S,9S,0.0274173248577271,44.674227791588166,55.29835488355565
6S,10S,0.0274173248577271,45.25804928721995,54.71453338792353
6S,11S,0.027417324857727,46.25031635888159,53.722266316260296
6S,12S,0.027417324857727,48.27558212453115,51.69700055061272
6S,13S,0.027417324857727,51.60070108105896,48.37188159408195
6S,14S,0.027417324857727,57.2097281377246,42.762854537419415
6S,2H,0.0274173248577271,40.92700704300737,59.04557563213711
6S,3H,0.0274173248577271,41.6703363606047,58.302246314541065
6S,4H,0.027417324857727,42.411999705692864,57.56058296945104
6S,5H,0.027417324857727,43.15759391668784,56.81498875845757
6S,6H,0.0118227824881881,73.4862851262952,26.50189209121649
6S,7H,0.027417324857727,44.07885879626704,55.89372387887687
6S,8H,0.027417324857727,44.31489797645876,55.65768469868439
6S,9H,0.0274173248577271,44.674227791588166,55.29835488355565
6S,10H,0.0274173248577271,45.25804928721995,54.71453338792353
6S,11H,0.027417324857727,46.25031635888159,53.722266316260296
6S,12H,0.027417324857727,48.27558212453115,51.69700055061272
6S,13H,0.027417324857727,51.60070108105896,48.37188159408195
6S,14H,0.027417324857727,57.2097281377246,42.762854537419415
6S,2D,0.0274173248577271,40.92700704300737,59.04557563213711
6S,3D,0.0274173248577271,41.6703363606047,58.302246314541065
6S,4D,0.027417324857727,42.411999705692864,57.56058296945104
6S,5D,0.027417324857727,43.15759391668784,56.81498875845757
6S,6D,0.0118227824881881,73.4862851262952,26.50189209121649
6S,7D,0.027417324857727,44.07885879626704,55.89372387887687
6S,8D,0.027417324857727,44.31489797645876,55.65768469868439
6S,9D,0.0274173248577271,44.674227791588166,55.29835488355565
6S,10D,0.0274173248577271,45.25804928721995,54.71453338792353
6S,11D,0.027417324857727,46.25031635888159,53.722266316260296
6S,12D,0.027417324857727,48.27558212453115,51.69700055061272
6S,13D,0.027417324857727,51.60070108105896,48.37188159408195
6S,14D,0.027417324857727,57.2097281377246,42.762854537419415
7S,8S,0.027417324857727,45.08151698669922,54.891065688441856
7S,9S,0.027417324857727,45.4408468018284,54.53173587331286
7S,10S,0.0274173248577271,46.02466829745953,53.94791437768101
7S,11S,0.0274173248577271,47.01693536912229,52.9556473060185
7S,12S,0.027417324857727,48.74890403571077,51.22367863942992
7S,13S,0.027417324857727,52.07402299224146,47.89855968290165
7S,14S,0.027417324857727,57.683050048905294,42.28953262623908
7S,2H,0.0274171992187743,41.095072408869406,58.87751039191141
7S,3H,0.0274171992187744,41.838401726466095,58.13418107431237
7S,4H,0.0274171992187744,42.58006507155481,57.39251772922603
7S,5H,0.0274171992187743,43.32565928255063,56.646923518228576
7S,6H,0.027417324857727,44.07885879626704,55.89372387887687
7S,7H,0.0118227824881881,75.8578405302454,24.130336687265032
7S,8H,0.027417324857727,45.08151698669922,54.891065688441856
7S,9H,0.027417324857727,45.4408468018284,54.53173587331286
7S,10H,0.0274173248577271,46.02466829745953,53.94791437768101
7S,11H,0.0274173248577271,47.01693536912229,52.9556473060185
7S,12H,0.027417324857727,48.74890403571077,51.22367863942992
7S,13H,0.027417324857727,52.07402299224146,47.89855968290165
7S,14H,0.027417324857727,57.683050048905294,42.28953262623908
7S,2D,0.0274171992187743,41.095072408869406,58.87751039191141
7S,3D,0.0274171992187744,41.838401726466095,58.13418107431237
7S,4D,0.0274171992187744,42.58006507155481,57.39251772922603
7S,5D,0.0274171992187743,43.32565928255063,56.646923518228576
7S,6D,0.027417324857727,44.07885879626704,55.89372387887687
7S,7D,0.0118227824881881,75.8578405302454,24.130336687265032
7S,8D,0.027417324857727,45.08151698669922,54.891065688441856
7S,9D,0.027417324857727,45.4408468018284,54.53173587331286
7S,10D,0.0274173248577271,46.02466829745953,53.94791437768101
7S,11D,0.0274173248577271,47.01693536912229,52.9556473060185
7S,12D,0.027417324857727,48.74890403571077,51.22367863942992
7S,13D,0.027417324857727,52.07402299224146,47.89855968290165
7S,14D,0.027417324857727,57.683050048905294,42.28953262623908
8S,9S,0.027417324857727,46.232772009902966,53.73981066524187
8S,10S,0.027417324857727,46.81659350553521,53.15598916960892
8S,11S,0.0274173248577271,47.8088605771971,52.16372209794646
8S,12S,0.0274173248577271,49.54082924378374,50.43175343135959
8S,13S,0.027417324857727,52.59930666143866,47.373276013702274
8S,14S,0.027417324857727,58.20833371810218,41.76424895704061
8S,2H,0.027417324857727,41.654908674616046,58.31767400052691
8S,3H,0.027417324857727,42.07444078102037,57.89814189412189
8S,4H,0.0274173248577271,42.81610412610906,57.15647854903467
8S,5H,0.0274173248577271,43.56169833710565,56.41088433803777
8S,6H,0.027417324857727,44.31489797645876,55.65768469868439
8S,7H,0.027417324857727,45.08151698669922,54.891065688441856
8S,8H,0.0118227824881881,78.23596333352809,21.752213883983693
8S,9H,0.027417324857727,46.232772009902966,53.73981066524187
8S,10H,0.027417324857727,46.81659350553521,53.15598916960892
8S,11H,0.0274173248577271,47.8088605771971,52.16372209794646
8S,12H,0.0274173248577271,49.54082924378374,50.43175343135959
8S,13H,0.027417324857727,52.59930666143866,47.373276013702274
8S,14H,0.027417324857727,58.20833371810218,41.76424895704061
8S,2D,0.027417324857727,41.654908674616046,58.31767400052691
8S,3D,0.027417324857727,42.07444078102037,57.89814189412189
8S,4D,0.0274173248577271,42.81610412610906,57.15647854903467
8S,5D,0.0274173248577271,43.56169833710565,56.41088433803777
8S,6D,0.027417324857727,44.31489797645876,55.65768469868439
8S,7D,0.027417324857727,45.08151698669922,54.891065688441856
8S,8D,0.0118227824881881,78.23596333352809,21.752213883983693
8S,9D,0.027417324857727,46.232772009902966,53.73981066524187
8S,10D,0.027417324857727,46.81659350553521,53.15598916960892
8S,11D,0.0274173248577271,47.8088605771971,52.16372209794646
8S,12D,0.0274173248577271,49.54082924378374,50.43175343135959
8S,13D,0.027417324857727,52.59930666143866,47.373276013702274
8S,14D,0.027417324857727,58.20833371810218,41.76424895704061
9S,10S,0.027417324857727,47.65815301002666,52.31442966511398
9S,11S,0.027417324857727,48.65042008169138,51.32216259345113
9S,12S,0.0274173248577271,50.38238874827948,49.59019392686411
9S,13S,0.0274173248577271,53.4408661659338,46.53171650920802
9S,14S,0.027417324857727,58.82528545170084,41.14729722344223
9S,2H,0.027417324857727,42.33636972842704,57.636212946717215
9S,3H,0.027417324857727,42.75590183483083,57.216680840310815
9S,4H,0.027417324857727,43.17543394123849,56.79714873390513
9S,5H,0.0274173248577271,43.92102815223609,56.05155452290633
9S,6H,0.0274173248577271,44.674227791588166,55.29835488355565
9S,7H,0.027417324857727,45.4408468018284,54.53173587331286
9S,8H,0.027417324857727,46.232772009902966,53.73981066524187
9S,9H,0.0118227824881881,80.62229538597224,19.365881831539635
9S,10H,0.027417324857727,47.65815301002666,52.31442966511398
9S,11H,0.027417324857727,48.65042008169138,51.32216259345113
9S,12H,0.0274173248577271,50.38238874827948,49.59019392686411
9S,13H,0.0274173248577271,53.4408661659338,46.53171650920802
9S,14H,0.027417324857727,58.82528545170084,41.14729722344223
9S,2D,0.027417324857727,42.33636972842704,57.636212946717215
9S,3D,0.027417324857727,42.75590183483083,57.216680840310815
9S,4D,0.027417324857727,43.17543394123849,56.79714873390513
9S,5D,0.0274173248577271,43.92102815223609,56.05155452290633
9S,6D,0.0274173248577271,44.674227791588166,55.29835488355565
9S,7D,0.027417324857727,45.4408468018284,54.53173587331286
9S,8D,0.027417324857727,46.232772009902966,53.73981066524187
9S,9D,0.0118227824881881,80.62229538597224,19.365881831539635
9S,10D,0.027417324857727,47.65815301002666,52.31442966511398
9S,11D,0.027417324857727,48.65042008169138,51.32216259345113
9S,12D,0.0274173248577271,50.38238874827948,49.59019392686411
9S,13D,0.0274173248577271,53.4408661659338,46.53171650920802
9S,14D,0.027417324857727,58.82528545170084,41.14729722344223
10S,11S,0.027417324857727,49.58987770932542,50.38270496581671
10S,12S,0.027417324857727,51.321846375912,48.65073629922856
10S,13S,0.0274173248577271,54.38032379356749,45.59225888157476
10S,14S,0.0274173248577271,59.76474307933473,40.20783959580872
10S,2H,0.027417324857727,43.238093455592576,56.73448921954871
10S,3H,0.027417324857727,43.65762556199694,56.31495711314256
10S,4H,0.027417324857727,44.077157668404496,55.89542500673623
10S,5H,0.027417324857727,44.50484964786651,55.4677330272755
10S,6H,0.0274173248577271,45.25804928721995,54.71453338792353
10S,7H,0.0274173248577271,46.02466829745953,53.94791437768101
10S,8H,0.027417324857727,46.81659350553521,53.15598916960892
10S,9H,0.027417324857727,47.65815301002666,52.31442966511398
10S,10H,0.0118227824881881,83.01847853741282,16.969698680099906
10S,11H,0.027417324857727,49.58987770932542,50.38270496581671
10S,12H,0.027417324857727,51.321846375912,48.65073629922856
10S,13H,0.0274173248577271,54.38032379356749,45.59225888157476
10S,14H,0.0274173248577271,59.76474307933473,40.20783959580872
10S,2D,0.027417324857727,43.238093455592576,56.73448921954871
10S,3D,0.027417324857727,43.65762556199694,56.31495711314256
10S,4D,0.027417324857727,44.077157668404496,55.89542500673623
10S,5D,0.027417324857727,44.50484964786651,55.4677330272755
10S,6D,0.0274173248577271,45.25804928721995,54.71453338792353
10S,7D,0.0274173248577271,46.02466829745953,53.94791437768101
10S,8D,0.027417324857727,46.81659350553521,53.15598916960892
10S,9D,0.027417324857727,47.65815301002666,52.31442966511398
10S,10D,0.0118227824881881,83.01847853741282,16.969698680099906
10S,11D,0.027417324857727,49.58987770932542,50.38270496581671
10S,12D,0.027417324857727,51.321846375912,48.65073629922856
10S,13D,0.0274173248577271,54.38032379356749,45.59225888157476
10S,14D,0.0274173248577271,59.76474307933473,40.20783959580872
11S,12S,0.027417324857727,52.379759549031725,47.59282312611168
11S,13S,0.0274173248577271,55.438236966684975,44.5343457084558
11S,14S,0.0274173248577271,60.82265625245336,39.14992642268864
11S,2H,0.027417324857727,44.53954844104157,55.433034234101285
11S,3H,0.027417324857727,44.95908054744686,55.013502127693606
11S,4H,0.027417324857727,45.37861265385374,54.5939700212903
11S,5H,0.027417324857727,45.80630463331329,54.16627804182995
11S,6H,0.027417324857727,46.25031635888159,53.722266316260296
11S,7H,0.0274173248577271,47.01693536912229,52.9556473060185
11S,8H,0.0274173248577271,47.8088605771971,52.16372209794646
11S,9H,0.027417324857727,48.65042008169138,51.32216259345113
11S,10H,0.027417324857727,49.58987770932542,50.38270496581671
11S,11H,0.0118227824881881,85.42615463767882,14.562022579832522
11S,12H,0.027417324857727,52.379759549031725,47.59282312611168
11S,13H,0.0274173248577271,55.438236966684975,44.5343457084558
11S,14H,0.0274173248577271,60.82265625245336,39.14992642268864
11S,2D,0.027417324857727,44.53954844104157,55.433034234101285
11S,3D,0.027417324857727,44.95908054744686,55.013502127693606
11S,4D,0.027417324857727,45.37861265385374,54.5939700212903
11S,5D,0.027417324857727,45.80630463331329,54.16627804182995
11S,6D,0.027417324857727,46.25031635888159,53.722266316260296
11S,7D,0.0274173248577271,47.01693536912229,52.9556473060185
11S,8D,0.0274173248577271,47.8088605771971,52.16372209794646
11S,9D,0.027417324857727,48.65042008169138,51.32216259345113
11S,10D,0.027417324857727,49.58987770932542,50.38270496581671
11S,11D,0.0118227824881881,85.42615463767882,14.562022579832522
11S,12D,0.027417324857727,52.379759549031725,47.59282312611168
11S,13D,0.0274173248577271,55.438236966684975,44.5343457084558
11S,14D,0.0274173248577271,60.82265625245336,39.14992642268864
12S,13S,0.0274173248577271,56.97547078485993,42.99711189028263
12S,14S,0.0274173248577271,62.3598900706281,37.61269260451351
12S,2H,0.027417324857727,46.56481420668847,53.40776846845465
12S,3H,0.027417324857727,46.9843463130948,52.9882363620481
12S,4H,0.027417324857727,47.40387841950032,52.56870425564133
12S,5H,0.027417324857727,47.83157039895918,52.14101227618124
12S,6H,0.027417324857727,48.27558212453115,51.69700055061272
12S,7H,0.027417324857727,48.74890403571077,51.22367863942992
12S,8H,0.0274173248577271,49.54082924378374,50.43175343135959
12S,9H,0.0274173248577271,50.38238874827948,49.59019392686411
12S,10H,0.027417324857727,51.321846375912,48.65073629922856
12S,11H,0.027417324857727,52.379759549031725,47.59282312611168
12S,12H,0.0118227824881881,87.8469655366069,12.141211680904725
12S,13H,0.0274173248577271,56.97547078485993,42.99711189028263
12S,14H,0.0274173248577271,62.3598900706281,37.61269260451351
12S,2D,0.027417324857727,46.56481420668847,53.40776846845465
12S,3D,0.027417324857727,46.9843463130948,52.9882363620481
12S,4D,0.027417324857727,47.40387841950032,52.56870425564133
12S,5D,0.027417324857727,47.83157039895918,52.14101227618124
12S,6D,0.027417324857727,48.27558212453115,51.69700055061272
12S,7D,0.027417324857727,48.74890403571077,51.22367863942992
12S,8D,0.0274173248577271,49.54082924378374,50.43175343135959
12S,9D,0.0274173248577271,50.38238874827948,49.59019392686411
12S,10D,0.027417324857727,51.321846375912,48.65073629922856
12S,11D,0.027417324857727,52.379759549031725,47.59282312611168
12S,12D,0.0118227824881881,87.8469655366069,12.141211680904725
12S,13D,0.0274173248577271,56.97547078485993,42.99711189028263
12S,14D,0.0274173248577271,62.3598900706281,37.61269260451351
13S,14S,0.0274173248577271,64.69927269180711,35.27330998333348
13S,2H,0.027417324857727,49.889933163216845,50.08264951192264
13S,3H,0.027417324857727,50.30946526962651,49.66311740551675
13S,4H,0.027417324857727,50.72899737602901,49.24358529911193
13S,5H,0.027417324857727,51.15668935549154,48.81589331965181
13S,6H,0.027417324857727,51.60070108105896,48.37188159408195
13S,7H,0.027417324857727,52.07402299224146,47.89855968290165
13S,8H,0.027417324857727,52.59930666143866,47.373276013702274
13S,9H,0.0274173248577271,53.4408661659338,46.53171650920802
13S,10H,0.0274173248577271,54.38032379356749,45.59225888157476
13S,11H,0.0274173248577271,55.438236966684975,44.5343457084558
13S,12H,0.0274173248577271,56.97547078485993,42.99711189028263
13S,13H,0.0118227824881881,90.28255308402856,9.705624133483823
13S,14H,0.0274173248577271,64.69927269180711,35.27330998333348
13S,2D,0.027417324857727,49.889933163216845,50.08264951192264
13S,3D,0.027417324857727,50.30946526962651,49.66311740551675
13S,4D,0.027417324857727,50.72899737602901,49.24358529911193
13S,5D,0.027417324857727,51.15668935549154,48.81589331965181
13S,6D,0.027417324857727,51.60070108105896,48.37188159408195
13S,7D,0.027417324857727,52.07402299224146,47.89855968290165
13S,8D,0.027417324857727,52.59930666143866,47.373276013702274
13S,9D,0.0274173248577271,53.4408661659338,46.53171650920802
13S,10D,0.0274173248577271,54.38032379356749,45.59225888157476
13S,11D,0.0274173248577271,55.438236966684975,44.5343457084558
13S,12D,0.0274173248577271,56.97547078485993,42.99711189028263
13S,13D,0.0118227824881881,90.28255308402856,9.705624133483823
13S,14D,0.0274173248577271,64.69927269180711,35.27330998333348
14S,2H,0.0274173248577271,55.72267092865421,44.24991174648826
14S,3H,0.0274173248577271,56.14220303505896,43.830379640082285
14S,4H,0.0274173248577271,56.56173514146632,43.41084753367628
14S,5H,0.0274173248577271,56.98942712092518,42.98315555421475
14S,6H,0.027417324857727,57.2097281377246,42.762854537419415
14S,7H,0.027417324857727,57.683050048905294,42.28953262623908
14S,8H,0.027417324857727,58.20833371810218,41.76424895704061
14S,9H,0.027417324857727,58.82528545170084,41.14729722344223
14S,10H,0.0274173248577271,59.76474307933473,40.20783959580872
14S,11H,0.0274173248577271,60.82265625245336,39.14992642268864
14S,12H,0.0274173248577271,62.3598900706281,37.61269260451351
14S,13H,0.0274173248577271,64.69927269180711,35.27330998333348
14S,14H,0.0118227824881881,92.7345591297744,7.2536180877373955
14S,2D,0.0274173248577271,55.72267092865421,44.24991174648826
14S,3D,0.0274173248577271,56.14220303505896,43.830379640082285
14S,4D,0.0274173248577271,56.56173514146632,43.41084753367628
14S,5D,0.0274173248577271,56.98942712092518,42.98315555421475
14S,6D,0.027417324857727,57.2097281377246,42.762854537419415
14S,7D,0.027417324857727,57.683050048905294,42.28953262623908
14S,8D,0.027417324857727,58.20833371810218,41.76424895704061
14S,9D,0.027417324857727,58.82528545170084,41.14729722344223
14S,10D,0.0274173248577271,59.76474307933473,40.20783959580872
14S,11D,0.0274173248577271,60.82265625245336,39.14992642268864
14S,12D,0.0274173248577271,62.3598900706281,37.61269260451351
14S,13D,0.0274173248577271,64.69927269180711,35.27330998333348
14S,14D,0.0118227824881881,92.7345591297744,7.2536180877373955
2H,3H,0.0274171992187744,39.84405184365732,60.12853095712285
2H,4H,0.0274171992187744,40.26358395006287,59.70899885071753
2H,5H,0.0274171992187744,40.69641933696661,59.2761634638158
2H,6H,0.0274173248577271,40.92700704300737,59.04557563213711
2H,7H,0.0274171992187743,41.095072408869406,58.87751039191141
2H,8H,0.027417324857727,41.654908674616046,58.31767400052691
2H,9H,0.027417324857727,42.33636972842704,57.636212946717215
2H,10H,0.027417324857727,43.238093455592576,56.73448921954871
2H,11H,0.027417324857727,44.53954844104157,55.433034234101285
2H,12H,0.027417324857727,46.56481420668847,53.40776846845465
2H,13H,0.027417324857727,49.889933163216845,50.08264951192264
2H,14H,0.0274173248577271,55.72267092865421,44.24991174648826
2H,2D,0.0118227824881881,64.03290050714139,35.955276710369944
2H,3D,0.0274171992187744,39.84405184365732,60.12853095712285
2H,4D,0.0274171992187744,40.26358395006287,59.70899885071753
2H,5D,0.0274171992187744,40.69641933696661,59.2761634638158
2H,6D,0.0274173248577271,40.92700704300737,59.04557563213711
2H,7D,0.0274171992187743,41.095072408869406,58.87751039191141
2H,8D,0.027417324857727,41.654908674616046,58.31767400052691
2H,9D,0.027417324857727,42.33636972842704,57.636212946717215
2H,10D,0.027417324857727,43.238093455592576,56.73448921954871
2H,11D,0.027417324857727,44.53954844104157,55.433034234101285
2H,12D,0.027417324857727,46.56481420668847,53.40776846845465
2H,13D,0.027417324857727,49.889933163216845,50.08264951192264
2H,14D,0.0274173248577271,55.72267092865421,44.24991174648826
3H,4H,0.0274171992187743,41.006913267661865,58.965669533117655
3H,5H,0.0274171992187743,41.43974865456209,58.53283414621619
3H,6H,0.0274173248577271,41.6703363606047,58.302246314541065
3H,7H,0.0274171992187744,41.838401726466095,58.13418107431237
3H,8H,0.027417324857727,42.07444078102037,57.89814189412189
3H,9H,0.027417324857727,42.75590183483083,57.216680840310815
3H,10H,0.027417324857727,43.65762556199694,56.31495711314256
3H,11H,0.027417324857727,44.95908054744686,55.013502127693606
3H,12H,0.027417324857727,46.9843463130948,52.9882363620481
3H,13H,0.027417324857727,50.30946526962651,49.66311740551675
3H,14H,0.0274173248577271,56.14220303505896,43.830379640082285
3H,2D,0.0274171992187744,39.84405184365732,60.12853095712285
3H,3D,0.0118227824881881,66.39460481209846,33.59357240541397
3H,4D,0.0274171992187743,41.006913267661865,58.965669533117655
3H,5D,0.0274171992187743,41.43974865456209,58.53283414621619
3H,6D,0.0274173248577271,41.6703363606047,58.302246314541065
3H,7D,0.0274171992187744,41.838401726466095,58.13418107431237
3H,8D,0.027417324857727,42.07444078102037,57.89814189412189
3H,9D,0.027417324857727,42.75590183483083,57.216680840310815
3H,10D,0.027417324857727,43.65762556199694,56.31495711314256
3H,11D,0.027417324857727,44.95908054744686,55.013502127693606
3H,12D,0.027417324857727,46.9843463130948,52.9882363620481
3H,13D,0.027417324857727,50.30946526962651,49.66311740551675
3H,14D,0.0274173248577271,56.14220303505896,43.830379640082285
4H,5H,0.0274171992187743,42.18141199965109,57.79117080113026
4H,6H,0.027417324857727,42.411999705692864,57.56058296945104
4H,7H,0.0274171992187744,42.58006507155481,57.39251772922603
4H,8H,0.0274173248577271,42.81610412610906,57.15647854903467
4H,9H,0.027417324857727,43.17543394123849,56.79714873390513
4H,10H,0.027417324857727,44.077157668404496,55.89542500673623
4H,11H,0.027417324857727,45.37861265385374,54.5939700212903
4H,12H,0.027417324857727,47.40387841950032,52.56870425564133
4H,13H,0.027417324857727,50.72899737602901,49.24358529911193
4H,14H,0.0274173248577271,56.56173514146632,43.41084753367628
4H,2D,0.0274171992187744,40.26358395006287,59.70899885071753
4H,3D,0.0274171992187743,41.006913267661865,58.965669533117655
4H,4D,0.0118227824881881,68.75630911705396,31.23186810045842
4H,5D,0.0274171992187743,42.18141199965109,57.79117080113026
4H,6D,0.027417324857727,42.411999705692864,57.56058296945104
4H,7D,0.0274171992187744,42.58006507155481,57.39251772922603
4H,8D,0.0274173248577271,42.81610412610906,57.15647854903467
4H,9D,0.027417324857727,43.17543394123849,56.79714873390513
4H,10D,0.027417324857727,44.077157668404496,55.89542500673623
4H,11D,0.027417324857727,45.37861265385374,54.5939700212903
4H,12D,0.027417324857727,47.40387841950032,52.56870425564133
4H,13D,0.027417324857727,50.72899737602901,49.24358529911193
4H,14D,0.0274173248577271,56.56173514146632,43.41084753367628
5H,6H,0.027417324857727,43.15759391668784,56.81498875845757
5H,7H,0.0274171992187743,43.32565928255063,56.646923518228576
5H,8H,0.0274173248577271,43.56169833710565,56.41088433803777
5H,9H,0.0274173248577271,43.92102815223609,56.05155452290633
5H,10H,0.027417324857727,44.50484964786651,55.4677330272755
5H,11H,0.027417324857727,45.80630463331329,54.16627804182995
5H,12H,0.027417324857727,47.83157039895918,52.14101227618124
5H,13H,0.027417324857727,51.15668935549154,48.81589331965181
5H,14H,0.0274173248577271,56.98942712092518,42.98315555421475
5H,2D,0.0274171992187744,40.69641933696661,59.2761634638158
5H,3D,0.0274171992187743,41.43974865456209,58.53283414621619
5H,4D,0.0274171992187743,42.18141199965109,57.79117080113026
5H,5D,0.0118227824881881,71.11965527184189,28.868521945669677
5H,6D,0.027417324857727,43.15759391668784,56.81498875845757
5H,7D,0.0274171992187743,43.32565928255063,56.646923518228576
5H,8D,0.0274173248577271,43.56169833710565,56.41088433803777
5H,9D,0.0274173248577271,43.92102815223609,56.05155452290633
5H,10D,0.027417324857727,44.50484964786651,55.4677330272755
5H,11D,0.027417324857727,45.80630463331329,54.16627804182995
5H,12D,0.027417324857727,47.83157039895918,52.14101227618124
5H,13D,0.027417324857727,51.15668935549154,48.81589331965181
5H,14D,0.0274173248577271,56.98942712092518,42.98315555421475
6H,7H,0.027417324857727,44.07885879626704,55.89372387887687
6H,8H,0.027417324857727,44.31489797645876,55.65768469868439
6H,9H,0.0274173248577271,44.674227791588166,55.29835488355565
6H,10H,0.0274173248577271,45.25804928721995,54.71453338792353
6H,11H,0.027417324857727,46.25031635888159,53.722266316260296
6H,12H,0.027417324857727,48.27558212453115,51.69700055061272
6H,13H,0.027417324857727,51.60070108105896,48.37188159408195
6H,14H,0.027417324857727,57.2097281377246,42.762854537419415
6H,2D,0.0274173248577271,40.92700704300737,59.04557563213711
6H,3D,0.0274173248577271,41.6703363606047,58.302246314541065
6H,4D,0.027417324857727,42.411999705692864,57.56058296945104
6H,5D,0.027417324857727,43.15759391668784,56.81498875845757
6H,6D,0.0118227824881881,73.4862851262952,26.50189209121649
6H,7D,0.027417324857727,44.07885879626704,55.89372387887687
6H,8D,0.027417324857727,44.31489797645876,55.65768469868439
6H,9D,0.0274173248577271,44.674227791588166,55.29835488355565
6H,10D,0.0274173248577271,45.25804928721995,54.71453338792353
6H,11D,0.027417324857727,46.25031635888159,53.722266316260296
6H,12D,0.027417324857727,48.27558212453115,51.69700055061272
6H,13D,0.027417324857727,51.60070108105896,48.37188159408195
6H,14D,0.027417324857727,57.2097281377246,42.762854537419415
7H,8H,0.027417324857727,45.08151698669922,54.891065688441856
7H,9H,0.027417324857727,45.4408468018284,54.53173587331286
7H,10H,0.0274173248577271,46.02466829745953,53.94791437768101
7H,11H,0.0274173248577271,47.01693536912229,52.9556473060185
7H,12H,0.027417324857727,48.74890403571077,51.22367863942992
7H,13H,0.027417324857727,52.07402299224146,47.89855968290165
7H,14H,0.027417324857727,57.683050048905294,42.28953262623908
7H,2D,0.0274171992187743,41.095072408869406,58.87751039191141
7H,3D,0.0274171992187744,41.838401726466095,58.13418107431237
7H,4D,0.0274171992187744,42.58006507155481,57.39251772922603
7H,5D,0.0274171992187743,43.32565928255063,56.646923518228576
7H,6D,0.027417324857727,44.07885879626704,55.89372387887687
7H,7D,0.0118227824881881,75.8578405302454,24.130336687265032
7H,8D,0.027417324857727,45.08151698669922,54.891065688441856
7H,9D,0.027417324857727,45.4408468018284,54.53173587331286
7H,10D,0.0274173248577271,46.02466829745953,53.94791437768101
7H,11D,0.0274173248577271,47.01693536912229,52.9556473060185
7H,12D,0.027417324857727,48.74890403571077,51.22367863942992
7H,13D,0.027417324857727,52.07402299224146,47.89855968290165
7H,14D,0.027417324857727,57.683050048905294,42.28953262623908
8H,9H,0.027417324857727,46.232772009902966,53.73981066524187
8H,10H,0.027417324857727,46.81659350553521,53.15598916960892
8H,11H,0.0274173248577271,47.8088605771971,52.16372209794646
8H,12H,0.0274173248577271,49.54082924378374,50.43175343135959
8H,13H,0.027417324857727,52.59930666143866,47.373276013702274
8H,14H,0.027417324857727,58.20833371810218,41.76424895704061
8H,2D,0.027417324857727,41.654908674616046,58.31767400052691
8H,3D,0.027417324857727,42.07444078102037,57.89814189412189
8H,4D,0.0274173248577271,42.81610412610906,57.15647854903467
8H,5D,0.0274173248577271,43.56169833710565,56.41088433803777
8H,6D,0.027417324857727,44.31489797645876,55.65768469868439
8H,7D,0.027417324857727,45.08151698669922,54.891065688441856
8H,8D,0.0118227824881881,78.23596333352809,21.752213883983693
8H,9D,0.027417324857727,46.232772009902966,53.73981066524187
8H,10D,0.027417324857727,46.81659350553521,53.15598916960892
8H,11D,0.0274173248577271,47.8088605771971,52.16372209794646
8H,12D,0.0274173248577271,49.54082924378374,50.43175343135959
8H,13D,0.027417324857727,52.59930666143866,47.373276013702274
8H,14D,0.027417324857727,58.20833371810218,41.76424895704061
9H,10H,0.027417324857727,47.65815301002666,52.31442966511398
9H,11H,0.027417324857727,48.65042008169138,51.32216259345113
9H,12H,0.0274173248577271,50.38238874827948,49.59019392686411
9H,13H,0.0274173248577271,53.4408661659338,46.53171650920802
9H,14H,0.027417324857727,58.82528545170084,41.14729722344223
9H,2D,0.027417324857727,42.33636972842704,57.636212946717215
9H,3D,0.027417324857727,42.75590183483083,57.216680840310815
9H,4D,0.027417324857727,43.17543394123849,56.79714873390513
9H,5D,0.0274173248577271,43.92102815223609,56.05155452290633
9H,6D,0.0274173248577271,44.674227791588166,55.29835488355565
9H,7D,0.027417324857727,45.4408468018284,54.53173587331286
9H,8D,0.027417324857727,46.232772009902966,53.73981066524187
9H,9D,0.0118227824881881,80.62229538597224,19.365881831539635
9H,10D,0.027417324857727,47.65815301002666,52.31442966511398
9H,11D,0.027417324857727,48.65042008169138,51.32216259345113
9H,12D,0.0274173248577271,50.38238874827948,49.59019392686411
9H,13D,0.0274173248577271,53.4408661659338,46.53171650920802
9H,14D,0.027417324857727,58.82528545170084,41.14729722344223
10H,11H,0.027417324857727,49.58987770932542,50.38270496581671
10H,12H,0.027417324857727,51.321846375912,48.65073629922856
10H,13H,0.0274173248577271,54.38032379356749,45.59225888157476
10H,14H,0.0274173248577271,59.76474307933473,40.20783959580872
10H,2D,0.027417324857727,43.238093455592576,56.73448921954871
10H,3D,0.027417324857727,43.65762556199694,56.31495711314256
10H,4D,0.027417324857727,44.077157668404496,55.89542500673623
10H,5D,0.027417324857727,44.50484964786651,55.4677330272755
10H,6D,0.0274173248577271,45.25804928721995,54.71453338792353
10H,7D,0.0274173248577271,46.02466829745953,53.94791437768101
10H,8D,0.027417324857727,46.81659350553521,53.15598916960892
10H,9D,0.027417324857727,47.65815301002666,52.31442966511398
10H,10D,0.0118227824881881,83.01847853741282,16.969698680099906
10H,11D,0.027417324857727,49.58987770932542,50.38270496581671
10H,12D,0.027417324857727,51.321846375912,48.65073629922856
10H,13D,0.0274173248577271,54.38032379356749,45.59225888157476
10H,14D,0.0274173248577271,59.76474307933473,40.20783959580872
11H,12H,0.027417324857727,52.379759549031725,47.59282312611168
11H,13H,0.0274173248577271,55.438236966684975,44.5343457084558
11H,14H,0.0274173248577271,60.82265625245336,39.14992642268864
11H,2D,0.027417324857727,44.53954844104157,55.433034234101285
11H,3D,0.027417324857727,44.95908054744686,55.013502127693606
11H,4D,0.027417324857727,45.37861265385374,54.5939700212903
11H,5D,0.027417324857727,45.80630463331329,54.16627804182995
11H,6D,0.027417324857727,46.25031635888159,53.722266316260296
11H,7D,0.0274173248577271,47.01693536912229,52.9556473060185
11H,8D,0.0274173248577271,47.8088605771971,52.16372209794646
11H,9D,0.027417324857727,48.65042008169138,51.32216259345113
11H,10D,0.027417324857727,49.58987770932542,50.38270496581671
11H,11D,0.0118227824881881,85.42615463767882,14.562022579832522
11H,12D,0.027417324857727,52.379759549031725,47.59282312611168
11H,13D,0.0274173248577271,55.438236966684975,44.5343457084558
11H,14D,0.0274173248577271,60.82265625245336,39.14992642268864
12H,13H,0.0274173248577271,56.97547078485993,42.99711189028263
12H,14H,0.0274173248577271,62.3598900706281,37.61269260451351
12H,2D,0.027417324857727,46.56481420668847,53.40776846845465
12H,3D,0.027417324857727,46.9843463130948,52.9882363620481
12H,4D,0.027417324857727,47.40387841950032,52.56870425564133
12H,5D,0.027417324857727,47.83157039895918,52.14101227618124
12H,6D,0.027417324857727,48.27558212453115,51.69700055061272
12H,7D,0.027417324857727,48.74890403571077,51.22367863942992
12H,8D,0.0274173248577271,49.54082924378374,50.43175343135959
12H,9D,0.0274173248577271,50.38238874827948,49.59019392686411
12H,10D,0.027417324857727,51.321846375912,48.65073629922856
12H,11D,0.027417324857727,52.379759549031725,47.59282312611168
12H,12D,0.0118227824881881,87.8469655366069,12.141211680904725
12H,13D,0.0274173248577271,56.97547078485993,42.99711189028263
12H,14D,0.0274173248577271,62.3598900706281,37.61269260451351
13H,14H,0.0274173248577271,64.69927269180711,35.27330998333348
13H,2D,0.027417324857727,49.889933163216845,50.08264951192264
13H,3D,0.027417324857727,50.30946526962651,49.66311740551675
13H,4D,0.027417324857727,50.72899737602901,49.24358529911193
13H,5D,0.027417324857727,51.15668935549154,48.81589331965181
13H,6D,0.027417324857727,51.60070108105896,48.37188159408195
13H,7D,0.027417324857727,52.07402299224146,47.89855968290165
13H,8D,0.027417324857727,52.59930666143866,47.373276013702274
13H,9D,0.0274173248577271,53.4408661659338,46.53171650920802
13H,10D,0.0274173248577271,54.38032379356749,45.59225888157476
13H,11D,0.0274173248577271,55.438236966684975,44.5343457084558
13H,12D,0.0274173248577271,56.97547078485993,42.99711189028263
13H,13D,0.0118227824881881,90.28255308402856,9.705624133483823
13H,14D,0.0274173248577271,64.69927269180711,35.27330998333348
14H,2D,0.0274173248577271,55.72267092865421,44.24991174648826
14H,3D,0.0274173248577271,56.14220303505896,43.830379640082285
14H,4D,0.0274173248577271,56.56173514146632,43.41084753367628
14H,5D,0.0274173248577271,56.98942712092518,42.98315555421475
14H,6D,0.027417324857727,57.2097281377246,42.762854537419415
14H,7D,0.027417324857727,57.683050048905294,42.28953262623908
14H,8D,0.027417324857727,58.20833371810218,41.76424895704061
14H,9D,0.027417324857727,58.82528545170084,41.14729722344223
14H,10D,0.0274173248577271,59.76474307933473,40.20783959580872
14H,11D,0.0274173248577271,60.82265625245336,39.14992642268864
14H,12D,0.0274173248577271,62.3598900706281,37.61269260451351
14H,13D,0.0274173248577271,64.69927269180711,35.27330998333348
14H,14D,0.0118227824881881,92.7345591297744,7.2536180877373955
2D,3D,0.0274171992187744,39.84405184365732,60.12853095712285
2D,4D,0.0274171992187744,40.26358395006287,59.70899885071753
2D,5D,0.0274171992187744,40.69641933696661,59.2761634638158
2D,6D,0.0274173248577271,40.92700704300737,59.04557563213711
2D,7D,0.0274171992187743,41.095072408869406,58.87751039191141
2D,8D,0.027417324857727,41.654908674616046,58.31767400052691
2D,9D,0.027417324857727,42.33636972842704,57.636212946717215
2D,10D,0.027417324857727,43.238093455592576,56.73448921954871
2D,11D,0.027417324857727,44.53954844104157,55.433034234101285
2D,12D,0.027417324857727,46.56481420668847,53.40776846845465
2D,13D,0.027417324857727,49.889933163216845,50.08264951192264
2D,14D,0.0274173248577271,55.72267092865421,44.24991174648826
3D,4D,0.0274171992187743,41.006913267661865,58.965669533117655
3D,5D,0.0274171992187743,41.43974865456209,58.53283414621619
3D,6D,0.0274173248577271,41.6703363606047,58.302246314541065
3D,7D,0.0274171992187744,41.838401726466095,58.13418107431237
3D,8D,0.027417324857727,42.07444078102037,57.89814189412189
3D,9D,0.027417324857727,42.75590183483083,57.216680840310815
3D,10D,0.027417324857727,43.65762556199694,56.31495711314256
3D,11D,0.027417324857727,44.95908054744686,55.013502127693606
3D,12D,0.027417324857727,46.9843463130948,52.9882363620481
3D,13D,0.027417324857727,50.30946526962651,49.66311740551675
3D,14D,0.0274173248577271,56.14220303505896,43.830379640082285
4D,5D,0.0274171992187743,42.18141199965109,57.79117080113026
4D,6D,0.027417324857727,42.411999705692864,57.56058296945104
4D,7D,0.0274171992187744,42.58006507155481,57.39251772922603
4D,8D,0.0274173248577271,42.81610412610906,57.15647854903467
4D,9D,0.027417324857727,43.17543394123849,56.79714873390513
4D,10D,0.027417324857727,44.077157668404496,55.89542500673623
4D,11D,0.027417324857727,45.37861265385374,54.5939700212903
4D,12D,0.027417324857727,47.40387841950032,52.56870425564133
4D,13D,0.027417324857727,50.72899737602901,49.24358529911193
4D,14D,0.0274173248577271,56.56173514146632,43.41084753367628
5D,6D,0.027417324857727,43.15759391668784,56.81498875845757
5D,7D,0.0274171992187743,43.32565928255063,56.646923518228576
5D,8D,0.0274173248577271,43.56169833710565,56.41088433803777
5D,9D,0.0274173248577271,43.92102815223609,56.05155452290633
5D,10D,0.027417324857727,44.50484964786651,55.4677330272755
5D,11D,0.027417324857727,45.80630463331329,54.16627804182995
5D,12D,0.027417324857727,47.83157039895918,52.14101227618124
5D,13D,0.027417324857727,51.15668935549154,48.81589331965181
5D,14D,0.0274173248577271,56.98942712092518,42.98315555421475
6D,7D,0.027417324857727,44.07885879626704,55.89372387887687
6D,8D,0.027417324857727,44.31489797645876,55.65768469868439
6D,9D,0.0274173248577271,44.674227791588166,55.29835488355565
6D,10D,0.0274173248577271,45.25804928721995,54.71453338792353
6D,11D,0.027417324857727,46.25031635888159,53.722266316260296
6D,12D,0.027417324857727,48.27558212453115,51.69700055061272
6D,13D,0.027417324857727,51.60070108105896,48.37188159408195
6D,14D,0.027417324857727,57.2097281377246,42.762854537419415
7D,8D,0.027417324857727,45.08151698669922,54.891065688441856
7D,9D,0.027417324857727,45.4408468018284,54.53173587331286
7D,10D,0.0274173248577271,46.02466829745953,53.94791437768101
7D,11D,0.0274173248577271,47.01693536912229,52.9556473060185
7D,12D,0.027417324857727,48.74890403571077,51.22367863942992
7D,13D,0.027417324857727,52.07402299224146,47.89855968290165
7D,14D,0.027417324857727,57.683050048905294,42.28953262623908
8D,9D,0.027417324857727,46.232772009902966,53.73981066524187
8D,10D,0.027417324857727,46.81659350553521,53.15598916960892
8D,11D,0.0274173248577271,47.8088605771971,52.16372209794646
8D,12D,0.0274173248577271,49.54082924378374,50.43175343135959
8D,13D,0.027417324857727,52.59930666143866,47.373276013702274
8D,14D,0.027417324857727,58.20833371810218,41.76424895704061
9D,10D,0.027417324857727,47.65815301002666,52.31442966511398
9D,11D,0.027417324857727,48.65042008169138,51.32216259345113
9D,12D,0.0274173248577271,50.38238874827948,49.59019392686411
9D,13D,0.0274173248577271,53.4408661659338,46.53171650920802
9D,14D,0.027417324857727,58.82528545170084,41.14729722344223
10D,11D,0.027417324857727,49.58987770932542,50.38270496581671
10D,12D,0.027417324857727,51.321846375912,48.65073629922856
10D,13D,0.0274173248577271,54.38032379356749,45.59225888157476
10D,14D,0.0274173248577271,59.76474307933473,40.20783959580872
11D,12D,0.027417324857727,52.379759549031725,47.59282312611168
11D,13D,0.0274173248577271,55.438236966684975,44.5343457084558
11D,14D,0.0274173248577271,60.82265625245336,39.14992642268864
12D,13D,0.0274173248577271,56.97547078485993,42.99711189028263
12D,14D,0.0274173248577271,62.3598900706281,37.61269260451351
13D,14D,0.0274173248577271,64.69927269180711,35.27330998333348
